{"arena_temp": 0.04139160592420218, "cpuct": 1.7409658274805089, "log_epsilon": 1.4165210108199043e-08, "lr": 0.00032485504583772953, "num_epochs": 320, "num_mc_simulations": 1317, "num_self_play_games": 142, "temp": 0.8243290871234756}